target,step,module,model_head,candidate,n_components,cv_n,cv_rmse,cv_mae,cv_bias,cv_r2,cv_spearman_r,cv_rounded_within_1_step_pct,cv_rounded_over_1_step_pct,cv_tolerance_loss,cv_step_mse,cv_step_mae,cv_low_n,cv_low_rmse,first_n,process_weight,logistic_c,pooling
eHA,B0,Model baseline,PLSR,eHA_B0_PLSR_full_d1_n3,3,49,1.7810628156316315,1.4319319493509404,-0.13353299943181154,0.47225501714974727,0.7138801335079098,57.14285714285714,42.857142857142854,1.2602040816326532,3.163265306122449,1.4081632653061225,30,1.6913542574502882,,,,
eHA,T0,process-time-only + HA-aware readout,ordinal-threshold probability,eHA_T0_first15_pls0_ptime1_C0p3_poolprob_mean_processonly,0,46,1.7569736827110218,1.434782608695652,-0.13043478260869565,0.4699772801038623,0.7185452620524658,63.04347826086957,36.95652173913043,1.2195652173913043,3.0869565217391304,1.434782608695652,27,1.6777409856157222,15.0,1.0,0.3,prob_mean
eHA,T0,process-time-only + HA-aware readout,ordinal-threshold probability,eHA_T0_first15_pls0_ptime1_C3_poolprob_mean_processonly,0,46,1.7693034738587656,1.434782608695652,-0.13043478260869565,0.46251217137293077,0.713946702945845,60.86956521739131,39.130434782608695,1.243478260869565,3.130434782608696,1.434782608695652,27,1.7105338131489614,15.0,1.0,3.0,prob_mean
eHA,T0,process-time-only + HA-aware readout,ordinal-threshold probability,eHA_T0_first15_pls0_ptime1_C1_poolprob_mean_processonly,0,46,1.7754362599213407,1.4565217391304348,-0.10869565217391304,0.45877961700746506,0.7124103744896338,60.86956521739131,39.130434782608695,1.244565217391304,3.152173913043478,1.4565217391304348,27,1.7213259316477407,15.0,1.0,1.0,prob_mean
eHA,P0,Probability baseline,ordinal-threshold probability,eHA_P0_first15_pls8_ptime0_C3_poolstep_mean,8,46,1.034618182040455,0.8304347826086957,-0.13478260869565215,0.8162090230444661,0.9186264962820222,89.13043478260869,10.869565217391305,0.22934782608695653,1.108695652173913,0.8043478260869565,27,1.0110500592068734,15.0,0.0,3.0,step_mean
eHA,P0,Probability baseline,ordinal-threshold probability,eHA_P0_first15_pls10_ptime0_C3_poolstep_mean,10,46,1.0677078252031311,0.8043478260869565,-0.20434782608695648,0.8042648490749756,0.9212264713854488,86.95652173913044,13.043478260869565,0.25000000000000006,1.0869565217391304,0.7391304347826086,27,1.1294049564064945,15.0,0.0,3.0,step_mean
eHA,P0,Probability baseline,ordinal-threshold probability,eHA_P0_first15_pls8_ptime0_C1_poolstep_mean,8,46,1.0533590163810744,0.834782608695652,-0.19130434782608696,0.8094904251866277,0.921370216417165,86.95652173913044,13.043478260869565,0.25326086956521743,1.1521739130434783,0.8043478260869565,27,1.0248757828977961,15.0,0.0,1.0,step_mean
eHA,P0,Probability baseline,ordinal-threshold probability,eHA_P0_first15_pls10_ptime0_C1_poolstep_mean,10,46,1.1068953840830433,0.8565217391304347,-0.2565217391304348,0.7896332359623499,0.9198589544670088,84.78260869565217,15.217391304347828,0.3489130434782609,1.326086956521739,0.8478260869565217,27,1.1508451001088047,15.0,0.0,1.0,step_mean
eHA,P0,Probability baseline,ordinal-threshold probability,eHA_P0_first15_pls6_ptime0_C1_poolstep_mean,6,46,1.1549515329563664,0.9217391304347828,-0.2608695652173913,0.770970464135021,0.8947037436730627,78.26086956521739,21.73913043478261,0.35217391304347834,1.391304347826087,0.8695652173913043,27,1.0994948334980428,15.0,0.0,1.0,step_mean
eHA,P0,Probability baseline,ordinal-threshold probability,eHA_P0_first15_pls6_ptime0_C3_poolstep_mean,6,46,1.1108163860324805,0.8652173913043476,-0.21304347826086953,0.7881402142161635,0.9067231429322312,78.26086956521739,21.73913043478261,0.35217391304347834,1.391304347826087,0.8695652173913043,27,1.1062114190803238,15.0,0.0,3.0,step_mean
eHA,P0,Probability baseline,ordinal-threshold probability,eHA_P0_first15_pls8_ptime0_C0p3_poolstep_mean,8,46,1.1424611115063599,0.9260869565217393,-0.25652173913043474,0.775897435897436,0.9099931215177214,82.6086956521739,17.391304347826086,0.3760869565217391,1.434782608695652,0.9130434782608695,27,1.0498677165349082,15.0,0.0,0.3,step_mean
eHA,P0,Probability baseline,ordinal-threshold probability,eHA_P0_first15_pls10_ptime0_C0p3_poolstep_mean,10,46,1.1762135269029876,0.917391304347826,-0.3260869565217391,0.7624602401817591,0.9070879446596267,80.43478260869566,19.565217391304348,0.4010869565217392,1.5,0.9347826086956522,27,1.1585431464655176,15.0,0.0,0.3,step_mean
eHA,P0,Probability baseline,ordinal-threshold probability,eHA_P0_first15_pls6_ptime0_C0p3_poolstep_mean,6,46,1.266628527267153,1.0391304347826085,-0.33478260869565224,0.724537487828627,0.8862291591996669,76.08695652173914,23.91304347826087,0.45217391304347837,1.6521739130434783,1.0,27,1.1617356108984649,15.0,0.0,0.3,step_mean
eHA,P1,P0 + process-time descriptors,ordinal-threshold probability,eHA_P1_first15_pls8_ptime0p25_C1_poolstep_mean,8,46,0.9943317616238119,0.8130434782608696,-0.23043478260869568,0.8302434274586172,0.9310750904006705,86.95652173913044,13.043478260869565,0.18152173913043482,1.0217391304347827,0.7608695652173914,27,0.9820613241770824,15.0,0.25,1.0,step_mean
eHA,P1,P0 + process-time descriptors,ordinal-threshold probability,eHA_P1_first15_pls8_ptime0p5_C3_poolstep_mean,8,46,1.019377474139295,0.7956521739130433,-0.19565217391304351,0.8215839013307367,0.9177135489213536,86.95652173913044,13.043478260869565,0.18152173913043484,1.0217391304347827,0.7608695652173914,27,1.0406550643527197,15.0,0.5,3.0,step_mean
eHA,P1,P0 + process-time descriptors,ordinal-threshold probability,eHA_P1_first15_pls8_ptime1_C1_poolstep_mean,8,46,1.0818663423032884,0.8521739130434781,-0.23478260869565218,0.7990392729633236,0.9065318419427478,86.95652173913044,13.043478260869565,0.1826086956521739,1.0434782608695652,0.782608695652174,27,1.0777205024873016,15.0,1.0,1.0,step_mean
eHA,P1,P0 + process-time descriptors,ordinal-threshold probability,eHA_P1_first15_pls10_ptime0p5_C1_poolstep_mean,10,46,1.0541842096266132,0.8521739130434781,-0.2260869565217391,0.8091918208373904,0.9232484977968015,86.95652173913044,13.043478260869565,0.1836956521739131,1.065217391304348,0.8043478260869565,27,1.1300606342303219,15.0,0.5,1.0,step_mean
eHA,P1,P0 + process-time descriptors,ordinal-threshold probability,eHA_P1_first15_pls8_ptime0p5_C0p3_poolstep_mean,8,46,1.089475342419061,0.9,-0.21304347826086958,0.7962025316455696,0.9119130804899525,86.95652173913044,13.043478260869565,0.18695652173913044,1.1304347826086956,0.8695652173913043,27,1.0631887745693942,15.0,0.5,0.3,step_mean
eHA,P1,P0 + process-time descriptors,ordinal-threshold probability,eHA_P1_first15_pls8_ptime1_C3_poolstep_mean,8,46,1.06321906614239,0.8260869565217391,-0.23478260869565218,0.8059071729957805,0.9131022208611872,84.78260869565217,15.217391304347828,0.20760869565217396,1.108695652173913,0.8043478260869565,27,1.0763449811833186,15.0,1.0,3.0,step_mean
eHA,P1,P0 + process-time descriptors,ordinal-threshold probability,eHA_P1_first15_pls8_ptime0p5_C1_poolstep_mean,8,46,1.0471493394594844,0.8565217391304347,-0.2217391304347826,0.8117299578059072,0.9136136182283833,84.78260869565217,15.217391304347828,0.2086956521739131,1.1304347826086956,0.8260869565217391,27,1.063885262540962,15.0,0.5,1.0,step_mean
eHA,P1,P0 + process-time descriptors,ordinal-threshold probability,eHA_P1_first15_pls8_ptime0p25_C0p3_poolstep_mean,8,46,1.0537716937784463,0.8652173913043479,-0.2652173913043478,0.8093411230120091,0.9261713266504003,84.78260869565217,15.217391304347828,0.21086956521739128,1.173913043478261,0.8695652173913043,27,0.9782826979135617,15.0,0.25,0.3,step_mean
eHA,P1,P0 + process-time descriptors,ordinal-threshold probability,eHA_P1_first15_pls10_ptime0p5_C3_poolstep_mean,10,46,1.0619915663302235,0.8565217391304347,-0.20434782608695656,0.8063550795196365,0.9219033983837108,84.78260869565217,15.217391304347828,0.21086956521739136,1.173913043478261,0.8695652173913043,27,1.1430952132988164,15.0,0.5,3.0,step_mean
eHA,P1,P0 + process-time descriptors,ordinal-threshold probability,eHA_P1_first15_pls10_ptime1_C1_poolstep_mean,10,46,1.1193942461263902,0.9173913043478261,-0.23043478260869568,0.7848555663745537,0.9042882089469321,84.78260869565217,15.217391304347828,0.2130434782608696,1.2173913043478262,0.9130434782608695,27,1.207384685084989,15.0,1.0,1.0,step_mean
eHA,P1,P0 + process-time descriptors,ordinal-threshold probability,eHA_P1_first15_pls10_ptime0p5_C0p3_poolstep_mean,10,46,1.105716372155253,0.9304347826086954,-0.2434782608695652,0.7900811424862058,0.9158063786436911,84.78260869565217,15.217391304347828,0.21521739130434786,1.2608695652173914,0.9565217391304348,27,1.1294049564064945,15.0,0.5,0.3,step_mean
eHA,P1,P0 + process-time descriptors,ordinal-threshold probability,eHA_P1_first15_pls6_ptime0p25_C3_poolstep_mean,6,46,1.0086581702181499,0.7565217391304349,-0.23478260869565215,0.8253164556962025,0.9230028824291046,89.13043478260869,10.869565217391305,0.22500000000000012,1.0217391304347827,0.717391304347826,27,0.9850737893022891,15.0,0.25,3.0,step_mean
eHA,P1,P0 + process-time descriptors,ordinal-threshold probability,eHA_P1_first15_pls10_ptime0p25_C3_poolstep_mean,10,46,1.0210821199355975,0.8043478260869567,-0.2217391304347826,0.8209866926322622,0.9257100733722057,89.13043478260869,10.869565217391305,0.22717391304347828,1.065217391304348,0.7608695652173914,27,1.0900220860827308,15.0,0.25,3.0,step_mean
eHA,P1,P0 + process-time descriptors,ordinal-threshold probability,eHA_P1_first15_pls10_ptime1_C3_poolstep_mean,10,46,1.089475342419061,0.8739130434782608,-0.23913043478260865,0.7962025316455696,0.9157422268635447,82.6086956521739,17.391304347826086,0.23586956521739133,1.2391304347826086,0.8913043478260869,27,1.1610978202322784,15.0,1.0,3.0,step_mean
eHA,P1,P0 + process-time descriptors,ordinal-threshold probability,eHA_P1_first15_pls8_ptime0p25_C3_poolstep_mean,8,46,0.9855477400035408,0.7869565217391307,-0.1956521739130435,0.8332294709509899,0.9289021602614099,86.95652173913044,13.043478260869565,0.25000000000000006,1.0869565217391304,0.7391304347826086,27,0.972967967955095,15.0,0.25,3.0,step_mean
eHA,P1,P0 + process-time descriptors,ordinal-threshold probability,eHA_P1_first15_pls6_ptime0p25_C1_poolstep_mean,6,46,1.043822407017259,0.8130434782608696,-0.29130434782608705,0.8129243752028562,0.9205913043707818,86.95652173913044,13.043478260869565,0.25108695652173924,1.108695652173913,0.7608695652173914,27,1.002219758558194,15.0,0.25,1.0,step_mean
eHA,P1,P0 + process-time descriptors,ordinal-threshold probability,eHA_P1_first15_pls10_ptime0p25_C1_poolstep_mean,10,46,1.0325148698792377,0.8173913043478259,-0.2608695652173913,0.8169555339175593,0.9273304450744732,86.95652173913044,13.043478260869565,0.2521739130434783,1.1304347826086956,0.782608695652174,27,1.0790942704159097,15.0,0.25,1.0,step_mean
eHA,P1,P0 + process-time descriptors,ordinal-threshold probability,eHA_P1_first15_pls10_ptime0p25_C0p3_poolstep_mean,10,46,1.0914688945756021,0.8956521739130437,-0.28695652173913044,0.7954560207724765,0.9200725419633998,86.95652173913044,13.043478260869565,0.2576086956521739,1.2391304347826086,0.8913043478260869,27,1.0804662916571748,15.0,0.25,0.3,step_mean
eHA,P1,P0 + process-time descriptors,ordinal-threshold probability,eHA_P1_first15_pls10_ptime1_C0p3_poolstep_mean,10,46,1.1267498468565702,0.9304347826086957,-0.23478260869565218,0.7820188250567996,0.9011663489655564,80.43478260869566,19.565217391304348,0.2619565217391305,1.326086956521739,0.9347826086956522,27,1.1693619659486996,15.0,1.0,0.3,step_mean
eHA,P1,P0 + process-time descriptors,ordinal-threshold probability,eHA_P1_first15_pls6_ptime0p5_C1_poolstep_mean,6,46,1.0595323004289081,0.8304347826086957,-0.27391304347826084,0.8072508925673483,0.9111711758089535,84.78260869565217,15.217391304347828,0.2771739130434784,1.1956521739130435,0.8043478260869565,27,1.0484556544075956,15.0,0.5,1.0,step_mean
eHA,P1,P0 + process-time descriptors,ordinal-threshold probability,eHA_P1_first15_pls6_ptime0p5_C3_poolstep_mean,6,46,1.0138175807099232,0.7304347826086957,-0.23478260869565212,0.823524829600779,0.9218259599733291,86.95652173913044,13.043478260869565,0.3184782608695653,1.1521739130434783,0.717391304347826,27,1.0327955589886444,15.0,0.5,3.0,step_mean
eHA,P1,P0 + process-time descriptors,ordinal-threshold probability,eHA_P1_first15_pls6_ptime1_C1_poolstep_mean,6,46,1.1336742880141315,0.8869565217391304,-0.26086956521739124,0.7793313859136644,0.8983193262905254,82.6086956521739,17.391304347826086,0.37391304347826093,1.391304347826087,0.8695652173913043,27,1.152131679716953,15.0,1.0,1.0,step_mean
eHA,P1,P0 + process-time descriptors,ordinal-threshold probability,eHA_P1_first15_pls8_ptime1_C0p3_poolstep_mean,8,46,1.1813772360736612,0.9869565217391305,-0.23043478260869568,0.7603700097370983,0.8911364517213842,82.6086956521739,17.391304347826086,0.3793478260869566,1.5,0.9782608695652174,27,1.1450376024878446,15.0,1.0,0.3,step_mean
eHA,P1,P0 + process-time descriptors,ordinal-threshold probability,eHA_P1_first15_pls6_ptime0p25_C0p3_poolstep_mean,6,46,1.1639512913759116,0.9478260869565216,-0.3217391304347825,0.7673872119441739,0.9078397397156377,82.6086956521739,17.391304347826086,0.3804347826086957,1.5217391304347827,1.0,27,1.057600358603626,15.0,0.25,0.3,step_mean
eHA,P1,P0 + process-time descriptors,ordinal-threshold probability,eHA_P1_first15_pls6_ptime1_C3_poolstep_mean,6,46,1.1100332936644188,0.8391304347826087,-0.2826086956521739,0.7884388185654008,0.9056395094592604,84.78260869565217,15.217391304347828,0.4173913043478262,1.391304347826087,0.8260869565217391,27,1.147622340771143,15.0,1.0,3.0,step_mean
eHA,P1,P0 + process-time descriptors,ordinal-threshold probability,eHA_P1_first15_pls6_ptime0p5_C0p3_poolstep_mean,6,46,1.1587099273123425,0.9130434782608694,-0.28695652173913044,0.7694774423888348,0.8947888955123285,84.78260869565217,15.217391304347828,0.42282608695652185,1.5,0.9347826086956522,27,1.1168739442781388,15.0,0.5,0.3,step_mean
eHA,P1,P0 + process-time descriptors,ordinal-threshold probability,eHA_P1_first15_pls6_ptime1_C0p3_poolstep_mean,6,46,1.2423680054112651,0.9869565217391304,-0.22173913043478263,0.7349886400519312,0.8771367354616554,84.78260869565217,15.217391304347828,0.49565217391304356,1.6521739130434783,1.0,27,1.215943468471507,15.0,1.0,0.3,step_mean
eHA,H1,P0 + HA-aware readout,ordinal-threshold probability,eHA_H1_first15_pls10_ptime0_C3_poolprob_mean,10,46,1.0,0.6956521739130435,-0.21739130434782608,0.8283024991885751,0.9283713177807531,89.13043478260869,10.869565217391305,0.22391304347826088,1.0,0.6956521739130435,27,1.0540925533894598,15.0,0.0,3.0,prob_mean
eHA,H1,P0 + HA-aware readout,ordinal-threshold probability,eHA_H1_first15_pls8_ptime0_C3_poolprob_mean,8,46,1.0425720702853738,0.782608695652174,-0.13043478260869565,0.813372281726712,0.9222704948998866,89.13043478260869,10.869565217391305,0.22826086956521743,1.0869565217391304,0.782608695652174,27,1.0715167512214394,15.0,0.0,3.0,prob_mean
eHA,H1,P0 + HA-aware readout,ordinal-threshold probability,eHA_H1_first15_pls6_ptime0_C3_poolprob_mean,6,46,1.132523154576618,0.8043478260869565,-0.2826086956521739,0.7797792924375202,0.9096799918715882,80.43478260869566,19.565217391304348,0.325,1.2826086956521738,0.8043478260869565,27,1.1055415967851334,15.0,0.0,3.0,prob_mean
eHA,H1,P0 + HA-aware readout,ordinal-threshold probability,eHA_H1_first15_pls8_ptime0_C1_poolprob_mean,8,46,1.132523154576618,0.8478260869565217,-0.1956521739130435,0.7797792924375202,0.9074413096259918,86.95652173913044,13.043478260869565,0.32500000000000007,1.2826086956521738,0.8478260869565217,27,1.1385500851066221,15.0,0.0,1.0,prob_mean
eHA,H1,P0 + HA-aware readout,ordinal-threshold probability,eHA_H1_first15_pls10_ptime0_C1_poolprob_mean,10,46,1.132523154576618,0.8043478260869565,-0.2826086956521739,0.7797792924375202,0.9094974466710436,84.78260869565217,15.217391304347828,0.34673913043478266,1.2826086956521738,0.8043478260869565,27,1.1547005383792515,15.0,0.0,1.0,prob_mean
eHA,H1,P0 + HA-aware readout,ordinal-threshold probability,eHA_H1_first15_pls6_ptime0_C1_poolprob_mean,6,46,1.179535649239177,0.8695652173913043,-0.21739130434782608,0.7611165206101914,0.9060464780448215,78.26086956521739,21.73913043478261,0.35217391304347834,1.391304347826087,0.8695652173913043,27,1.0886621079036347,15.0,0.0,1.0,prob_mean
eHA,H1,P0 + HA-aware readout,ordinal-threshold probability,eHA_H1_first15_pls8_ptime0_C0p3_poolprob_mean,8,46,1.224744871391589,0.9347826086956522,-0.32608695652173914,0.7424537487828626,0.8973927001037372,80.43478260869566,19.565217391304348,0.4010869565217392,1.5,0.9347826086956522,27,1.1385500851066221,15.0,0.0,0.3,prob_mean
eHA,H1,P0 + HA-aware readout,ordinal-threshold probability,eHA_H1_first15_pls10_ptime0_C0p3_poolprob_mean,10,46,1.2335879094879225,0.9565217391304348,-0.34782608695652173,0.7387211944173969,0.8972854819358442,80.43478260869566,19.565217391304348,0.4021739130434783,1.5217391304347827,0.9565217391304348,27,1.2171612389003692,15.0,0.0,0.3,prob_mean
eHA,H1,P0 + HA-aware readout,ordinal-threshold probability,eHA_H1_first15_pls6_ptime0_C0p3_poolprob_mean,6,46,1.2423680054112651,0.9347826086956522,-0.2391304347826087,0.7349886400519312,0.8847940706879915,78.26086956521739,21.73913043478261,0.4250000000000001,1.5434782608695652,0.9347826086956522,27,1.1221672153735642,15.0,0.0,0.3,prob_mean
eHA,H2,P0 + process-time + HA-aware readout,ordinal-threshold probability,eHA_H2_first15_pls10_ptime0p5_C3_poolprob_mean,10,46,1.0,0.782608695652174,-0.21739130434782608,0.8283024991885751,0.9282717191372855,89.13043478260869,10.869565217391305,0.15869565217391304,1.0,0.782608695652174,27,1.0363754503432017,15.0,0.5,3.0,prob_mean
eHA,H2,P0 + process-time + HA-aware readout,ordinal-threshold probability,eHA_H2_first15_pls8_ptime0p25_C1_poolprob_mean,8,46,1.03209369308428,0.8043478260869565,-0.2391304347826087,0.8171048360921778,0.925778242974168,86.95652173913044,13.043478260869565,0.18369565217391307,1.065217391304348,0.8043478260869565,27,1.0540925533894598,15.0,0.25,1.0,prob_mean
eHA,H2,P0 + process-time + HA-aware readout,ordinal-threshold probability,eHA_H2_first15_pls8_ptime0p5_C0p3_poolprob_mean,8,46,1.06321906614239,0.8695652173913043,-0.21739130434782608,0.8059071729957805,0.9221731167056222,86.95652173913044,13.043478260869565,0.18695652173913044,1.1304347826086956,0.8695652173913043,27,1.0540925533894598,15.0,0.5,0.3,prob_mean
eHA,H2,P0 + process-time + HA-aware readout,ordinal-threshold probability,eHA_H2_first15_pls10_ptime0p5_C1_poolprob_mean,10,46,1.06321906614239,0.8695652173913043,-0.21739130434782608,0.8059071729957805,0.9172751418639459,86.95652173913044,13.043478260869565,0.18695652173913047,1.1304347826086956,0.8695652173913043,27,1.1221672153735642,15.0,0.5,1.0,prob_mean
eHA,H2,P0 + process-time + HA-aware readout,ordinal-threshold probability,eHA_H2_first15_pls8_ptime0p5_C1_poolprob_mean,8,46,1.0834726777719228,0.8695652173913043,-0.21739130434782608,0.7984420642648491,0.913848495432862,84.78260869565217,15.217391304347828,0.21086956521739134,1.173913043478261,0.8695652173913043,27,1.0886621079036347,15.0,0.5,1.0,prob_mean
eHA,H2,P0 + process-time + HA-aware readout,ordinal-threshold probability,eHA_H2_first15_pls6_ptime0p25_C3_poolprob_mean,6,46,1.0108111250054497,0.717391304347826,-0.2391304347826087,0.8245699448231094,0.9301105263544547,89.13043478260869,10.869565217391305,0.22500000000000012,1.0217391304347827,0.717391304347826,27,0.9622504486493763,15.0,0.25,3.0,prob_mean
eHA,H2,P0 + process-time + HA-aware readout,ordinal-threshold probability,eHA_H2_first15_pls8_ptime0p5_C3_poolprob_mean,8,46,1.0425720702853738,0.782608695652174,-0.17391304347826086,0.813372281726712,0.9171728746862778,89.13043478260869,10.869565217391305,0.22826086956521746,1.0869565217391304,0.782608695652174,27,1.0363754503432017,15.0,0.5,3.0,prob_mean
eHA,H2,P0 + process-time + HA-aware readout,ordinal-threshold probability,eHA_H2_first15_pls10_ptime0p5_C0p3_poolprob_mean,10,46,1.122884484360431,0.9130434782608695,-0.21739130434782608,0.783511846802986,0.9033771422305588,82.6086956521739,17.391304347826086,0.23695652173913048,1.2608695652173914,0.9130434782608695,27,1.1706281947614154,15.0,0.5,0.3,prob_mean
eHA,H2,P0 + process-time + HA-aware readout,ordinal-threshold probability,eHA_H2_first15_pls10_ptime0p25_C3_poolprob_mean,10,46,1.0529461772445508,0.7608695652173914,-0.1956521739130435,0.8096397273612463,0.9200485336770525,86.95652173913044,13.043478260869565,0.2510869565217391,1.108695652173913,0.7608695652173914,27,1.1547005383792515,15.0,0.25,3.0,prob_mean
eHA,H2,P0 + process-time + HA-aware readout,ordinal-threshold probability,eHA_H2_first15_pls8_ptime0p25_C3_poolprob_mean,8,46,1.0733936430981312,0.8043478260869565,-0.1956521739130435,0.8021746186303148,0.9159501975227798,86.95652173913044,13.043478260869565,0.25326086956521743,1.1521739130434783,0.8043478260869565,27,1.0540925533894598,15.0,0.25,3.0,prob_mean
eHA,H2,P0 + process-time + HA-aware readout,ordinal-threshold probability,eHA_H2_first15_pls6_ptime0p25_C1_poolprob_mean,6,46,1.0834726777719228,0.8260869565217391,-0.2608695652173913,0.7984420642648491,0.9227352285390937,86.95652173913044,13.043478260869565,0.2543478260869566,1.173913043478261,0.8260869565217391,27,1.0363754503432017,15.0,0.25,1.0,prob_mean
eHA,H2,P0 + process-time + HA-aware readout,ordinal-threshold probability,eHA_H2_first15_pls10_ptime0p25_C1_poolprob_mean,10,46,1.0834726777719228,0.8260869565217391,-0.17391304347826086,0.7984420642648491,0.914925949673868,86.95652173913044,13.043478260869565,0.2543478260869566,1.173913043478261,0.8260869565217391,27,1.1706281947614154,15.0,0.25,1.0,prob_mean
eHA,H2,P0 + process-time + HA-aware readout,ordinal-threshold probability,eHA_H2_first15_pls8_ptime1_C1_poolprob_mean,8,46,1.103354568734741,0.8695652173913043,-0.21739130434782608,0.7909769555339176,0.9075064927024937,86.95652173913044,13.043478260869565,0.2565217391304348,1.2173913043478262,0.8695652173913043,27,1.0540925533894598,15.0,1.0,1.0,prob_mean
eHA,H2,P0 + process-time + HA-aware readout,ordinal-threshold probability,eHA_H2_first15_pls8_ptime0p25_C0p3_poolprob_mean,8,46,1.1131623577819225,0.8913043478260869,-0.2826086956521739,0.7872444011684517,0.9218663067484685,86.95652173913044,13.043478260869565,0.2576086956521739,1.2391304347826086,0.8913043478260869,27,1.0363754503432017,15.0,0.25,0.3,prob_mean
eHA,H2,P0 + process-time + HA-aware readout,ordinal-threshold probability,eHA_H2_first15_pls10_ptime1_C0p3_poolprob_mean,10,46,1.1515584902738285,0.9347826086956522,-0.2391304347826087,0.7723141837065888,0.896980482445553,80.43478260869566,19.565217391304348,0.2619565217391305,1.326086956521739,0.9347826086956522,27,1.1706281947614154,15.0,1.0,0.3,prob_mean
eHA,H2,P0 + process-time + HA-aware readout,ordinal-threshold probability,eHA_H2_first15_pls6_ptime0p5_C3_poolprob_mean,6,46,1.0215078369104984,0.6956521739130435,-0.21739130434782608,0.8208373904576436,0.9194680785862663,91.30434782608695,8.695652173913043,0.2695652173913044,1.0434782608695652,0.6956521739130435,27,1.0183501544346312,15.0,0.5,3.0,prob_mean
eHA,H2,P0 + process-time + HA-aware readout,ordinal-threshold probability,eHA_H2_first15_pls6_ptime0p5_C1_poolprob_mean,6,46,1.0934588121703732,0.8043478260869565,-0.2391304347826087,0.7947095098993833,0.9096750460681305,84.78260869565217,15.217391304347828,0.2771739130434783,1.1956521739130435,0.8043478260869565,27,1.0540925533894598,15.0,0.5,1.0,prob_mean
eHA,H2,P0 + process-time + HA-aware readout,ordinal-threshold probability,eHA_H2_first15_pls8_ptime1_C3_poolprob_mean,8,46,1.1131623577819225,0.8478260869565217,-0.2391304347826087,0.7872444011684517,0.9030731032632033,84.78260869565217,15.217391304347828,0.2793478260869566,1.2391304347826086,0.8478260869565217,27,1.1055415967851334,15.0,1.0,3.0,prob_mean
eHA,H2,P0 + process-time + HA-aware readout,ordinal-threshold probability,eHA_H2_first15_pls8_ptime1_C0p3_poolprob_mean,8,46,1.1420804814403216,0.9130434782608695,-0.17391304347826086,0.7760467380720545,0.8976491815810768,84.78260869565217,15.217391304347828,0.282608695652174,1.3043478260869565,0.9130434782608695,27,1.0715167512214394,15.0,1.0,0.3,prob_mean
eHA,H2,P0 + process-time + HA-aware readout,ordinal-threshold probability,eHA_H2_first15_pls10_ptime1_C1_poolprob_mean,10,46,1.1609591237233643,0.9130434782608695,-0.21739130434782608,0.768581629341123,0.8940989301525955,82.6086956521739,17.391304347826086,0.3065217391304348,1.3478260869565217,0.9130434782608695,27,1.2171612389003692,15.0,1.0,1.0,prob_mean
eHA,H2,P0 + process-time + HA-aware readout,ordinal-threshold probability,eHA_H2_first15_pls10_ptime1_C3_poolprob_mean,10,46,1.170284246408241,0.8913043478260869,-0.15217391304347827,0.7648490749756572,0.8883197353223468,80.43478260869566,19.565217391304348,0.32934782608695656,1.3695652173913044,0.8913043478260869,27,1.2619796324000607,15.0,1.0,3.0,prob_mean
eHA,H2,P0 + process-time + HA-aware readout,ordinal-threshold probability,eHA_H2_first15_pls6_ptime1_C3_poolprob_mean,6,46,1.132523154576618,0.8043478260869565,-0.2826086956521739,0.7797792924375202,0.8974400210463184,84.78260869565217,15.217391304347828,0.3467391304347826,1.2826086956521738,0.8043478260869565,27,1.1547005383792515,15.0,1.0,3.0,prob_mean
eHA,H2,P0 + process-time + HA-aware readout,ordinal-threshold probability,eHA_H2_first15_pls6_ptime1_C1_poolprob_mean,6,46,1.1609591237233643,0.8695652173913043,-0.17391304347826086,0.768581629341123,0.8878774736673957,84.78260869565217,15.217391304347828,0.3500000000000001,1.3478260869565217,0.8695652173913043,27,1.1547005383792515,15.0,1.0,1.0,prob_mean
eHA,H2,P0 + process-time + HA-aware readout,ordinal-threshold probability,eHA_H2_first15_pls6_ptime0p5_C0p3_poolprob_mean,6,46,1.179535649239177,0.9130434782608695,-0.30434782608695654,0.7611165206101914,0.9000232578987486,84.78260869565217,15.217391304347828,0.35217391304347834,1.391304347826087,0.9130434782608695,27,1.1055415967851334,15.0,0.5,0.3,prob_mean
eHA,H2,P0 + process-time + HA-aware readout,ordinal-threshold probability,eHA_H2_first15_pls10_ptime0p25_C0p3_poolprob_mean,10,46,1.179535649239177,0.9130434782608695,-0.2608695652173913,0.7611165206101914,0.9061246245845512,84.78260869565217,15.217391304347828,0.35217391304347834,1.391304347826087,0.9130434782608695,27,1.1547005383792515,15.0,0.25,0.3,prob_mean
eHA,H2,P0 + process-time + HA-aware readout,ordinal-threshold probability,eHA_H2_first15_pls6_ptime0p25_C0p3_poolprob_mean,6,46,1.2510864843424485,1.0,-0.34782608695652173,0.7312560856864654,0.8920241345658996,80.43478260869566,19.565217391304348,0.4043478260869566,1.565217391304348,1.0,27,1.1547005383792515,15.0,0.25,0.3,prob_mean
eHA,H2,P0 + process-time + HA-aware readout,ordinal-threshold probability,eHA_H2_first15_pls6_ptime1_C0p3_poolprob_mean,6,46,1.2423680054112651,0.9782608695652174,-0.1956521739130435,0.7349886400519312,0.8731891884266483,84.78260869565217,15.217391304347828,0.4250000000000001,1.5434782608695652,0.9782608695652174,27,1.1706281947614154,15.0,1.0,0.3,prob_mean
tHA,B0,Model baseline,PLSR,tHA_B0_PLSR_full_d1_n8,8,55,1.4998127953498912,1.2020689831497906,0.008611844042708131,0.6913475812477027,0.8940714261367538,65.45454545454545,34.54545454545455,0.9254545454545456,2.5090909090909093,1.2363636363636363,20,1.9240497343224001,,,,
tHA,T0,process-time-only + HA-aware readout,ordinal-threshold probability,tHA_T0_first15_pls0_ptime1_C0p3_poolprob_mean_processonly,0,50,2.280350850198276,1.76,-0.56,0.20581587146435332,0.6452529236361443,52.0,48.0,2.78,5.2,1.76,15,1.6931233465600393,15.0,1.0,0.3,prob_mean
tHA,T0,process-time-only + HA-aware readout,ordinal-threshold probability,tHA_T0_first15_pls0_ptime1_C3_poolprob_mean_processonly,0,50,2.3366642891095846,1.82,-0.46,0.166106665037571,0.6190243381427624,48.0,52.0,2.9329999999999994,5.46,1.82,15,1.9493588689617927,15.0,1.0,3.0,prob_mean
tHA,T0,process-time-only + HA-aware readout,ordinal-threshold probability,tHA_T0_first15_pls0_ptime1_C1_poolprob_mean_processonly,0,50,2.3664319132398464,1.88,-0.52,0.14472478465391903,0.6188554024829178,46.0,54.0,3.0,5.6,1.88,15,1.8618986725025255,15.0,1.0,1.0,prob_mean
tHA,P0,Probability baseline,ordinal-threshold probability,tHA_P0_first15_pls10_ptime0_C1_poolstep_mean,10,50,1.1131936040060595,0.8759999999999999,-0.204,0.8107398130612744,0.9303827920906694,80.0,20.0,0.32800000000000007,1.36,0.88,15,1.5108496505829647,15.0,0.0,1.0,step_mean
tHA,P0,Probability baseline,ordinal-threshold probability,tHA_P0_first15_pls10_ptime0_C3_poolstep_mean,10,50,1.0859097568398581,0.8319999999999999,-0.16800000000000004,0.8199034760828395,0.9247474565956751,80.0,20.0,0.391,1.42,0.86,15,1.456937427162425,15.0,0.0,3.0,step_mean
tHA,P0,Probability baseline,ordinal-threshold probability,tHA_P0_first15_pls10_ptime0_C0p3_poolstep_mean,10,50,1.2276807402578245,1.016,-0.35200000000000004,0.7698087848982833,0.9311555671514425,80.0,20.0,0.3990000000000001,1.58,1.02,15,1.6066528353484872,15.0,0.0,0.3,step_mean
tHA,P0,Probability baseline,ordinal-threshold probability,tHA_P0_first15_pls8_ptime0_C3_poolstep_mean,8,50,1.184229707446997,0.8680000000000001,-0.17999999999999994,0.7858146496426172,0.9274416315307044,78.0,22.0,0.414,1.48,0.88,15,1.659718851693463,15.0,0.0,3.0,step_mean
tHA,P0,Probability baseline,ordinal-threshold probability,tHA_P0_first15_pls8_ptime0_C1_poolstep_mean,8,50,1.1838918869558994,0.8960000000000001,-0.23999999999999996,0.785936831816238,0.931413807290846,80.0,20.0,0.43300000000000005,1.46,0.86,15,1.7001960671248086,15.0,0.0,1.0,step_mean
tHA,P0,Probability baseline,ordinal-threshold probability,tHA_P0_first15_pls8_ptime0_C0p3_poolstep_mean,8,50,1.2715345060201866,1.0119999999999998,-0.37199999999999994,0.7530698271122243,0.9309868700769435,78.0,22.0,0.46,1.6,0.96,15,1.732820436937038,15.0,0.0,0.3,step_mean
tHA,P0,Probability baseline,ordinal-threshold probability,tHA_P0_first15_pls6_ptime0_C1_poolstep_mean,6,50,1.6151780087655974,1.2279999999999998,-0.5319999999999999,0.6015639318223471,0.8803953753607933,68.0,32.0,1.072,2.64,1.2,15,1.8029605283163208,15.0,0.0,1.0,step_mean
tHA,P0,Probability baseline,ordinal-threshold probability,tHA_P0_first15_pls6_ptime0_C0p3_poolstep_mean,6,50,1.6419500601419033,1.304,-0.6479999999999998,0.5882460748976726,0.8825804353188758,64.0,36.0,1.121,2.82,1.3,15,1.827931435621515,15.0,0.0,0.3,step_mean
tHA,P0,Probability baseline,ordinal-threshold probability,tHA_P0_first15_pls6_ptime0_C3_poolstep_mean,6,50,1.6608431593621356,1.2399999999999998,-0.44000000000000017,0.5787158653552447,0.8718426397455673,70.0,30.0,1.134,2.68,1.2,15,1.8446318512556013,15.0,0.0,3.0,step_mean
tHA,P1,P0 + process-time descriptors,ordinal-threshold probability,tHA_P1_first15_pls10_ptime0p25_C3_poolstep_mean,10,50,1.0233279044372825,0.748,-0.14000000000000004,0.8400635347302828,0.9361177775942882,82.0,18.0,0.23700000000000002,1.14,0.78,15,1.4094916341243986,15.0,0.25,3.0,step_mean
tHA,P1,P0 + process-time descriptors,ordinal-threshold probability,tHA_P1_first15_pls10_ptime0p5_C3_poolstep_mean,10,50,1.0419213022104885,0.748,-0.1,0.8341987903964811,0.9276466758150876,86.0,14.000000000000002,0.252,1.04,0.68,15,1.4264174237111193,15.0,0.5,3.0,step_mean
tHA,P1,P0 + process-time descriptors,ordinal-threshold probability,tHA_P1_first15_pls10_ptime0p25_C1_poolstep_mean,10,50,1.0349879226348488,0.7719999999999999,-0.19599999999999995,0.8363980695216569,0.9390781718207124,84.0,16.0,0.27899999999999997,1.18,0.78,15,1.3980939405729025,15.0,0.25,1.0,step_mean
tHA,P1,P0 + process-time descriptors,ordinal-threshold probability,tHA_P1_first15_pls10_ptime0p25_C0p3_poolstep_mean,10,50,1.1440279716860073,0.8959999999999999,-0.3360000000000001,0.8001099639562588,0.9360576459445953,82.0,18.0,0.306,1.32,0.88,15,1.476933760645119,15.0,0.25,0.3,step_mean
tHA,P1,P0 + process-time descriptors,ordinal-threshold probability,tHA_P1_first15_pls10_ptime0p5_C1_poolstep_mean,10,50,1.0829589096544707,0.8,-0.1360000000000001,0.8208809334718065,0.9224912359461609,86.0,14.000000000000002,0.319,1.18,0.74,15,1.4459137825841024,15.0,0.5,1.0,step_mean
tHA,P1,P0 + process-time descriptors,ordinal-threshold probability,tHA_P1_first15_pls8_ptime0p25_C3_poolstep_mean,8,50,1.1192854863706578,0.792,-0.14400000000000004,0.8086627161097195,0.9248429108167775,80.0,20.0,0.32,1.2,0.72,15,1.5654605286198264,15.0,0.25,3.0,step_mean
tHA,P1,P0 + process-time descriptors,ordinal-threshold probability,tHA_P1_first15_pls10_ptime1_C1_poolstep_mean,10,50,1.0654576481493763,0.7959999999999999,-0.132,0.8266234956319873,0.9065112628494126,86.0,14.000000000000002,0.321,1.22,0.78,15,1.3195958977404156,15.0,1.0,1.0,step_mean
tHA,P1,P0 + process-time descriptors,ordinal-threshold probability,tHA_P1_first15_pls8_ptime1_C3_poolstep_mean,8,50,1.1513470371699404,0.8280000000000001,-0.14800000000000002,0.7975441383102205,0.9067389274438845,88.0,12.0,0.36200000000000004,1.24,0.76,15,1.4642404174178503,15.0,1.0,3.0,step_mean
tHA,P1,P0 + process-time descriptors,ordinal-threshold probability,tHA_P1_first15_pls8_ptime0p25_C1_poolstep_mean,8,50,1.100908715561831,0.7959999999999999,-0.228,0.8148940069643839,0.9437617266601914,82.0,18.0,0.364,1.28,0.76,15,1.5603418428878548,15.0,0.25,1.0,step_mean
tHA,P1,P0 + process-time descriptors,ordinal-threshold probability,tHA_P1_first15_pls10_ptime1_C0p3_poolstep_mean,10,50,1.155508546052343,0.8759999999999999,-0.2279999999999999,0.7960779522267701,0.8960740640604996,86.0,14.000000000000002,0.38799999999999996,1.36,0.84,15,1.2992305415129373,15.0,1.0,0.3,step_mean
tHA,P1,P0 + process-time descriptors,ordinal-threshold probability,tHA_P1_first15_pls10_ptime1_C3_poolstep_mean,10,50,1.0932520294973158,0.7919999999999999,-0.10400000000000002,0.8174598326104221,0.9117632504189634,84.0,16.0,0.408,1.36,0.8,15,1.4310835055998652,15.0,1.0,3.0,step_mean
tHA,P1,P0 + process-time descriptors,ordinal-threshold probability,tHA_P1_first15_pls8_ptime0p5_C1_poolstep_mean,8,50,1.1338430226446694,0.8280000000000001,-0.18000000000000005,0.803653246991264,0.9168690759666563,84.0,16.0,0.409,1.38,0.82,15,1.5231546211727818,15.0,0.5,1.0,step_mean
tHA,P1,P0 + process-time descriptors,ordinal-threshold probability,tHA_P1_first15_pls8_ptime0p5_C3_poolstep_mean,8,50,1.1249888888340187,0.8,-0.144,0.8067078013317857,0.9174529485874322,82.0,18.0,0.429,1.38,0.78,15,1.5663120165960973,15.0,0.5,3.0,step_mean
tHA,P1,P0 + process-time descriptors,ordinal-threshold probability,tHA_P1_first15_pls8_ptime0p5_C0p3_poolstep_mean,8,50,1.2036610818664863,0.9159999999999999,-0.30799999999999994,0.7787280835726067,0.9158467377171641,82.0,18.0,0.43499999999999994,1.5,0.9,15,1.5222789932641563,15.0,0.5,0.3,step_mean
tHA,P1,P0 + process-time descriptors,ordinal-threshold probability,tHA_P1_first15_pls10_ptime0p5_C0p3_poolstep_mean,10,50,1.1260550608207398,0.8759999999999999,-0.26799999999999996,0.8063412548109231,0.9250101369328005,82.0,18.0,0.43699999999999994,1.54,0.94,15,1.4236104336041748,15.0,0.5,0.3,step_mean
tHA,P1,P0 + process-time descriptors,ordinal-threshold probability,tHA_P1_first15_pls8_ptime1_C1_poolstep_mean,8,50,1.179152237838694,0.856,-0.18400000000000005,0.7876473822469301,0.9033034175439789,86.0,14.000000000000002,0.45099999999999996,1.42,0.82,15,1.472412985544477,15.0,1.0,1.0,step_mean
tHA,P1,P0 + process-time descriptors,ordinal-threshold probability,tHA_P1_first15_pls8_ptime0p25_C0p3_poolstep_mean,8,50,1.2019983361053377,0.9119999999999999,-0.36800000000000005,0.7793389944407111,0.9381635341298682,80.0,20.0,0.5000000000000001,1.6,0.92,15,1.6239868636578725,15.0,0.25,0.3,step_mean
tHA,P1,P0 + process-time descriptors,ordinal-threshold probability,tHA_P1_first15_pls8_ptime1_C0p3_poolstep_mean,8,50,1.2859237924542808,0.9640000000000001,-0.276,0.7474494471256643,0.8807081777615913,84.0,16.0,0.5429999999999999,1.66,0.94,15,1.475127113166862,15.0,1.0,0.3,step_mean
tHA,P1,P0 + process-time descriptors,ordinal-threshold probability,tHA_P1_first15_pls6_ptime0p25_C1_poolstep_mean,6,50,1.4573949361789345,1.044,-0.4200000000000001,0.6756063290365935,0.8952212785205842,74.0,26.0,0.76,2.0,0.96,15,1.6370705543744901,15.0,0.25,1.0,step_mean
tHA,P1,P0 + process-time descriptors,ordinal-threshold probability,tHA_P1_first15_pls6_ptime1_C0p3_poolstep_mean,6,50,1.5073154945133418,1.0959999999999999,-0.304,0.6530026269167328,0.8586538542723505,80.0,20.0,0.8690000000000001,2.18,1.06,15,1.5275252316519468,15.0,1.0,0.3,step_mean
tHA,P1,P0 + process-time descriptors,ordinal-threshold probability,tHA_P1_first15_pls6_ptime1_C1_poolstep_mean,6,50,1.5046594299043223,1.04,-0.28,0.6542244486529416,0.86349715361523,84.0,16.0,0.926,2.12,0.96,15,1.4787382008545888,15.0,1.0,1.0,step_mean
tHA,P1,P0 + process-time descriptors,ordinal-threshold probability,tHA_P1_first15_pls6_ptime0p25_C0p3_poolstep_mean,6,50,1.489966442575134,1.1239999999999999,-0.5239999999999999,0.6609444682020893,0.9024800496745351,74.0,26.0,0.9359999999999999,2.32,1.08,15,1.7397317800933185,15.0,0.25,0.3,step_mean
tHA,P1,P0 + process-time descriptors,ordinal-threshold probability,tHA_P1_first15_pls6_ptime0p5_C0p3_poolstep_mean,6,50,1.4601369798755184,1.06,-0.412,0.6743845073003849,0.8872655932776965,78.0,22.0,0.9540000000000001,2.28,1.04,15,1.5832456116050557,15.0,0.5,0.3,step_mean
tHA,P1,P0 + process-time descriptors,ordinal-threshold probability,tHA_P1_first15_pls6_ptime0p25_C3_poolstep_mean,6,50,1.467242311276498,1.02,-0.324,0.6712077707862423,0.8927077087984269,76.0,24.0,0.995,2.3,1.02,15,1.561196122635889,15.0,0.25,3.0,step_mean
tHA,P1,P0 + process-time descriptors,ordinal-threshold probability,tHA_P1_first15_pls6_ptime0p5_C1_poolstep_mean,6,50,1.4472042012100435,1.0079999999999998,-0.33599999999999997,0.6801270694605657,0.8911501422130571,80.0,20.0,1.038,2.36,1.04,15,1.561196122635889,15.0,0.5,1.0,step_mean
tHA,P1,P0 + process-time descriptors,ordinal-threshold probability,tHA_P1_first15_pls6_ptime0p5_C3_poolstep_mean,6,50,1.4775655653811102,1.004,-0.292,0.6665648481886493,0.880279812992431,80.0,20.0,1.12,2.4,1.0,15,1.4966629547095767,15.0,0.5,3.0,step_mean
tHA,P1,P0 + process-time descriptors,ordinal-threshold probability,tHA_P1_first15_pls6_ptime1_C3_poolstep_mean,6,50,1.5497096502248413,1.0239999999999998,-0.288,0.6332091147901521,0.8687152961499408,80.0,20.0,1.12,2.4,1.0,15,1.4886235252742714,15.0,1.0,3.0,step_mean
tHA,H1,P0 + HA-aware readout,ordinal-threshold probability,tHA_H1_first15_pls10_ptime0_C3_poolprob_mean,10,50,1.1661903789690602,0.88,-0.24,0.7922903048445231,0.9200109800116872,80.0,20.0,0.32800000000000007,1.36,0.88,15,1.570562531918633,15.0,0.0,3.0,prob_mean
tHA,H1,P0 + HA-aware readout,ordinal-threshold probability,tHA_H1_first15_pls10_ptime0_C1_poolprob_mean,10,50,1.1832159566199232,0.92,-0.32,0.7861811961634797,0.9287668755741152,80.0,20.0,0.33,1.4,0.92,15,1.5491933384829668,15.0,0.0,1.0,prob_mean
tHA,H1,P0 + HA-aware readout,ordinal-threshold probability,tHA_H1_first15_pls10_ptime0_C0p3_poolprob_mean,10,50,1.2727922061357855,1.02,-0.38,0.7525810984177408,0.9222387320455668,78.0,22.0,0.42100000000000004,1.62,1.02,15,1.6733200530681511,15.0,0.0,0.3,prob_mean
tHA,H1,P0 + HA-aware readout,ordinal-threshold probability,tHA_H1_first15_pls8_ptime0_C1_poolprob_mean,8,50,1.2083045973594573,0.82,-0.3,0.7770175331419146,0.940636215591241,82.0,18.0,0.473,1.46,0.82,15,1.7511900715418263,15.0,0.0,1.0,prob_mean
tHA,H1,P0 + HA-aware readout,ordinal-threshold probability,tHA_H1_first15_pls8_ptime0_C3_poolprob_mean,8,50,1.2489995996796797,0.84,-0.24,0.761744761439306,0.9144245198289355,78.0,22.0,0.518,1.56,0.84,15,1.6931233465600393,15.0,0.0,3.0,prob_mean
tHA,H1,P0 + HA-aware readout,ordinal-threshold probability,tHA_H1_first15_pls8_ptime0_C0p3_poolprob_mean,8,50,1.2884098726725126,0.94,-0.42,0.7464719897366974,0.928765256695517,78.0,22.0,0.523,1.66,0.94,15,1.7511900715418263,15.0,0.0,0.3,prob_mean
tHA,H1,P0 + HA-aware readout,ordinal-threshold probability,tHA_H1_first15_pls6_ptime0_C1_poolprob_mean,6,50,1.6370705543744901,1.2,-0.6,0.5906897183700899,0.8725591713211897,70.0,30.0,1.1139999999999999,2.68,1.2,15,1.8618986725025255,15.0,0.0,1.0,prob_mean
tHA,H1,P0 + HA-aware readout,ordinal-threshold probability,tHA_H1_first15_pls6_ptime0_C0p3_poolprob_mean,6,50,1.6733200530681511,1.28,-0.68,0.5723623923269595,0.8678418830393415,64.0,36.0,1.12,2.8,1.28,15,1.8618986725025255,15.0,0.0,0.3,prob_mean
tHA,H1,P0 + HA-aware readout,ordinal-threshold probability,tHA_H1_first15_pls6_ptime0_C3_poolprob_mean,6,50,1.697056274847714,1.24,-0.52,0.5601441749648726,0.8580586809382302,66.0,34.0,1.244,2.88,1.24,15,1.7701224063135672,15.0,0.0,3.0,prob_mean
tHA,H2,P0 + process-time + HA-aware readout,ordinal-threshold probability,tHA_H2_first15_pls10_ptime0p25_C3_poolprob_mean,10,50,1.0392304845413265,0.72,-0.16,0.8350540656118273,0.9271338106638197,82.0,18.0,0.234,1.08,0.72,15,1.4142135623730951,15.0,0.25,3.0,prob_mean
tHA,H2,P0 + process-time + HA-aware readout,ordinal-threshold probability,tHA_H2_first15_pls10_ptime0p25_C0p3_poolprob_mean,10,50,1.140175425099138,0.9,-0.38,0.8014539678660884,0.944105929384579,84.0,16.0,0.28500000000000003,1.3,0.9,15,1.4605934866804429,15.0,0.25,0.3,prob_mean
tHA,H2,P0 + process-time + HA-aware readout,ordinal-threshold probability,tHA_H2_first15_pls10_ptime0p5_C3_poolprob_mean,10,50,1.104536101718726,0.74,-0.14,0.8136721852281752,0.9176896274786449,80.0,20.0,0.32099999999999995,1.22,0.74,15,1.505545305418162,15.0,0.5,3.0,prob_mean
tHA,H2,P0 + process-time + HA-aware readout,ordinal-threshold probability,tHA_H2_first15_pls10_ptime0p5_C1_poolprob_mean,10,50,1.131370849898476,0.8,-0.2,0.8045085222066101,0.9137771289522889,80.0,20.0,0.324,1.28,0.8,15,1.4832396974191326,15.0,0.5,1.0,prob_mean
tHA,H2,P0 + process-time + HA-aware readout,ordinal-threshold probability,tHA_H2_first15_pls10_ptime0p25_C1_poolprob_mean,10,50,1.140175425099138,0.82,-0.26,0.8014539678660884,0.9242782445717231,80.0,20.0,0.325,1.3,0.82,15,1.505545305418162,15.0,0.25,1.0,prob_mean
tHA,H2,P0 + process-time + HA-aware readout,ordinal-threshold probability,tHA_H2_first15_pls10_ptime1_C3_poolprob_mean,10,50,1.1135528725660044,0.76,-0.16,0.8106176308876535,0.9038847145877161,84.0,16.0,0.342,1.24,0.76,15,1.390443574307614,15.0,1.0,3.0,prob_mean
tHA,H2,P0 + process-time + HA-aware readout,ordinal-threshold probability,tHA_H2_first15_pls10_ptime1_C1_poolprob_mean,10,50,1.1224972160321824,0.78,-0.22,0.8075630765471318,0.9068394423822329,84.0,16.0,0.34299999999999997,1.26,0.78,15,1.3662601021279464,15.0,1.0,1.0,prob_mean
tHA,H2,P0 + process-time + HA-aware readout,ordinal-threshold probability,tHA_H2_first15_pls10_ptime1_C0p3_poolprob_mean,10,50,1.140175425099138,0.82,-0.22,0.8014539678660884,0.8951513247173801,84.0,16.0,0.345,1.3,0.82,15,1.3416407864998738,15.0,1.0,0.3,prob_mean
tHA,H2,P0 + process-time + HA-aware readout,ordinal-threshold probability,tHA_H2_first15_pls8_ptime0p25_C3_poolprob_mean,8,50,1.140175425099138,0.74,-0.18,0.8014539678660884,0.9215878311218734,80.0,20.0,0.385,1.3,0.74,15,1.61245154965971,15.0,0.25,3.0,prob_mean
tHA,H2,P0 + process-time + HA-aware readout,ordinal-threshold probability,tHA_H2_first15_pls8_ptime0p5_C3_poolprob_mean,8,50,1.1575836902790226,0.74,-0.14,0.7953448591850449,0.9093620164126739,82.0,18.0,0.42700000000000005,1.34,0.74,15,1.570562531918633,15.0,0.5,3.0,prob_mean
tHA,H2,P0 + process-time + HA-aware readout,ordinal-threshold probability,tHA_H2_first15_pls8_ptime0p5_C1_poolprob_mean,8,50,1.2,0.84,-0.2,0.7800720874824363,0.893584598883758,82.0,18.0,0.43200000000000005,1.44,0.84,15,1.591644851508443,15.0,0.5,1.0,prob_mean
tHA,H2,P0 + process-time + HA-aware readout,ordinal-threshold probability,tHA_H2_first15_pls8_ptime1_C3_poolprob_mean,8,50,1.1916375287812984,0.82,-0.18,0.783126641822958,0.9005536082117295,86.0,14.000000000000002,0.451,1.42,0.82,15,1.4832396974191326,15.0,1.0,3.0,prob_mean
tHA,H2,P0 + process-time + HA-aware readout,ordinal-threshold probability,tHA_H2_first15_pls8_ptime0p5_C0p3_poolprob_mean,8,50,1.2489995996796797,0.92,-0.36,0.761744761439306,0.9102215832664707,80.0,20.0,0.45799999999999996,1.56,0.92,15,1.4605934866804429,15.0,0.5,0.3,prob_mean
tHA,H2,P0 + process-time + HA-aware readout,ordinal-threshold probability,tHA_H2_first15_pls10_ptime0p5_C0p3_poolprob_mean,10,50,1.2569805089976536,0.94,-0.34,0.7586902070987843,0.9047143358897521,80.0,20.0,0.45899999999999996,1.58,0.94,15,1.5275252316519468,15.0,0.5,0.3,prob_mean
tHA,H2,P0 + process-time + HA-aware readout,ordinal-threshold probability,tHA_H2_first15_pls8_ptime0p25_C0p3_poolprob_mean,8,50,1.224744871391589,0.86,-0.34,0.7709084244608712,0.9325625334802335,82.0,18.0,0.4750000000000001,1.5,0.86,15,1.6931233465600393,15.0,0.25,0.3,prob_mean
tHA,H2,P0 + process-time + HA-aware readout,ordinal-threshold probability,tHA_H2_first15_pls8_ptime0p25_C1_poolprob_mean,8,50,1.2,0.76,-0.28,0.7800720874824363,0.9327520900837131,80.0,20.0,0.49200000000000005,1.44,0.76,15,1.7320508075688772,15.0,0.25,1.0,prob_mean
tHA,H2,P0 + process-time + HA-aware readout,ordinal-threshold probability,tHA_H2_first15_pls8_ptime1_C1_poolprob_mean,8,50,1.2409673645990857,0.86,-0.22,0.7647993157798277,0.892958760439657,82.0,18.0,0.49700000000000005,1.54,0.86,15,1.5491933384829668,15.0,1.0,1.0,prob_mean
tHA,H2,P0 + process-time + HA-aware readout,ordinal-threshold probability,tHA_H2_first15_pls8_ptime1_C0p3_poolprob_mean,8,50,1.3114877048604001,0.96,-0.28,0.7373083267151322,0.8797120158928563,82.0,18.0,0.5660000000000001,1.72,0.96,15,1.5491933384829668,15.0,1.0,0.3,prob_mean
tHA,H2,P0 + process-time + HA-aware readout,ordinal-threshold probability,tHA_H2_first15_pls6_ptime0p25_C1_poolprob_mean,6,50,1.449137674618944,0.98,-0.46,0.6792717942452196,0.899100147801032,74.0,26.0,0.825,2.1,0.98,15,1.6532795690182993,15.0,0.25,1.0,prob_mean
tHA,H2,P0 + process-time + HA-aware readout,ordinal-threshold probability,tHA_H2_first15_pls6_ptime0p5_C1_poolprob_mean,6,50,1.449137674618944,0.98,-0.38,0.6792717942452196,0.8857708111563212,80.0,20.0,0.8649999999999999,2.1,0.98,15,1.5491933384829668,15.0,0.5,1.0,prob_mean
tHA,H2,P0 + process-time + HA-aware readout,ordinal-threshold probability,tHA_H2_first15_pls6_ptime0p5_C0p3_poolprob_mean,6,50,1.47648230602334,1.02,-0.38,0.6670535768831327,0.8866535347723847,78.0,22.0,0.889,2.18,1.02,15,1.7126976771553504,15.0,0.5,0.3,prob_mean
tHA,H2,P0 + process-time + HA-aware readout,ordinal-threshold probability,tHA_H2_first15_pls6_ptime1_C1_poolprob_mean,6,50,1.4560219778561037,0.96,-0.28,0.676217239904698,0.8676667268009944,84.0,16.0,0.926,2.12,0.96,15,1.390443574307614,15.0,1.0,1.0,prob_mean
tHA,H2,P0 + process-time + HA-aware readout,ordinal-threshold probability,tHA_H2_first15_pls6_ptime1_C0p3_poolprob_mean,6,50,1.5099668870541498,1.08,-0.32,0.6517808051805242,0.8569648150745073,80.0,20.0,0.934,2.28,1.08,15,1.570562531918633,15.0,1.0,0.3,prob_mean
tHA,H2,P0 + process-time + HA-aware readout,ordinal-threshold probability,tHA_H2_first15_pls6_ptime0p25_C3_poolprob_mean,6,50,1.5099668870541498,1.0,-0.4,0.6517808051805242,0.8829046098117024,76.0,24.0,0.9940000000000001,2.28,1.0,15,1.5491933384829668,15.0,0.25,3.0,prob_mean
tHA,H2,P0 + process-time + HA-aware readout,ordinal-threshold probability,tHA_H2_first15_pls6_ptime0p25_C0p3_poolprob_mean,6,50,1.5937377450509227,1.14,-0.62,0.6120715987537418,0.8811755987229815,70.0,30.0,1.047,2.54,1.14,15,1.8073922282301278,15.0,0.25,0.3,prob_mean
tHA,H2,P0 + process-time + HA-aware readout,ordinal-threshold probability,tHA_H2_first15_pls6_ptime0p5_C3_poolprob_mean,6,50,1.5811388300841898,1.02,-0.3,0.6181807074347853,0.863906087998778,80.0,20.0,1.185,2.5,1.02,15,1.61245154965971,15.0,0.5,3.0,prob_mean
tHA,H2,P0 + process-time + HA-aware readout,ordinal-threshold probability,tHA_H2_first15_pls6_ptime1_C3_poolprob_mean,6,50,1.606237840420901,1.02,-0.34,0.6059624900726983,0.8599210822904829,80.0,20.0,1.2690000000000001,2.58,1.02,15,1.5275252316519468,15.0,1.0,3.0,prob_mean
